"LOCATION","INDICATOR","SUBJECT","MEASURE","FREQUENCY","TIME","Value","Flag Codes"
"AUS","HEALTHEXP","TOT","USD_CAP","A","2016",4605.95,
"AUS","HEALTHEXP","TOT","USD_CAP","A","2017",4710.617,"D"
"AUS","HEALTHEXP","TOT","USD_CAP","A","2018",4964.533,"E"
"AUS","HEALTHEXP","TOT","USD_CAP","A","2019",5187.419,"E"
"AUT","HEALTHEXP","TOT","USD_CAP","A","2016",5195.36,
"AUT","HEALTHEXP","TOT","USD_CAP","A","2017",5360.423,
"AUT","HEALTHEXP","TOT","USD_CAP","A","2018",5538.347,
"AUT","HEALTHEXP","TOT","USD_CAP","A","2019",5851.055,"P"
"BEL","HEALTHEXP","TOT","USD_CAP","A","2016",4777.091,
"BEL","HEALTHEXP","TOT","USD_CAP","A","2017",5013.987,
"BEL","HEALTHEXP","TOT","USD_CAP","A","2018",5103.2,
"BEL","HEALTHEXP","TOT","USD_CAP","A","2019",5427.957,"E"
"CAN","HEALTHEXP","TOT","USD_CAP","A","2016",5020.598,
"CAN","HEALTHEXP","TOT","USD_CAP","A","2017",5155.347,
"CAN","HEALTHEXP","TOT","USD_CAP","A","2018",5287.406,"P"
"CAN","HEALTHEXP","TOT","USD_CAP","A","2019",5418.383,"P"
"CZE","HEALTHEXP","TOT","USD_CAP","A","2016",2670.883,
"CZE","HEALTHEXP","TOT","USD_CAP","A","2017",2891.435,
"CZE","HEALTHEXP","TOT","USD_CAP","A","2018",3170.668,
"CZE","HEALTHEXP","TOT","USD_CAP","A","2019",3427.91,"E"
"DNK","HEALTHEXP","TOT","USD_CAP","A","2016",4849.601,
"DNK","HEALTHEXP","TOT","USD_CAP","A","2017",5107.207,
"DNK","HEALTHEXP","TOT","USD_CAP","A","2018",5294.51,
"DNK","HEALTHEXP","TOT","USD_CAP","A","2019",5567.899,"E"
"FIN","HEALTHEXP","TOT","USD_CAP","A","2016",4103.423,
"FIN","HEALTHEXP","TOT","USD_CAP","A","2017",4221.84,
"FIN","HEALTHEXP","TOT","USD_CAP","A","2018",4331.459,
"FIN","HEALTHEXP","TOT","USD_CAP","A","2019",4578.42,"E"
"FRA","HEALTHEXP","TOT","USD_CAP","A","2016",4934.851,
"FRA","HEALTHEXP","TOT","USD_CAP","A","2017",5056.85,
"FRA","HEALTHEXP","TOT","USD_CAP","A","2018",5154.119,
"FRA","HEALTHEXP","TOT","USD_CAP","A","2019",5375.699,"E"
"DEU","HEALTHEXP","TOT","USD_CAP","A","2016",5667.773,
"DEU","HEALTHEXP","TOT","USD_CAP","A","2017",6010.556,
"DEU","HEALTHEXP","TOT","USD_CAP","A","2018",6223.787,
"DEU","HEALTHEXP","TOT","USD_CAP","A","2019",6645.757,"P"
"GRC","HEALTHEXP","TOT","USD_CAP","A","2016",2220.792,
"GRC","HEALTHEXP","TOT","USD_CAP","A","2017",2238.575,
"GRC","HEALTHEXP","TOT","USD_CAP","A","2018",2265.899,
"GRC","HEALTHEXP","TOT","USD_CAP","A","2019",2383.628,"E"
"HUN","HEALTHEXP","TOT","USD_CAP","A","2016",1999.618,
"HUN","HEALTHEXP","TOT","USD_CAP","A","2017",2029.307,
"HUN","HEALTHEXP","TOT","USD_CAP","A","2018",2149.72,
"HUN","HEALTHEXP","TOT","USD_CAP","A","2019",2222.426,"P"
"ISL","HEALTHEXP","TOT","USD_CAP","A","2016",3931.651,
"ISL","HEALTHEXP","TOT","USD_CAP","A","2017",4166.818,
"ISL","HEALTHEXP","TOT","USD_CAP","A","2018",4419.913,
"ISL","HEALTHEXP","TOT","USD_CAP","A","2019",4811.424,"P"
"IRL","HEALTHEXP","TOT","USD_CAP","A","2016",4544.695,
"IRL","HEALTHEXP","TOT","USD_CAP","A","2017",4742.979,
"IRL","HEALTHEXP","TOT","USD_CAP","A","2018",4911.848,
"IRL","HEALTHEXP","TOT","USD_CAP","A","2019",5275.543,"P"
"ITA","HEALTHEXP","TOT","USD_CAP","A","2016",3273.919,
"ITA","HEALTHEXP","TOT","USD_CAP","A","2017",3399.199,
"ITA","HEALTHEXP","TOT","USD_CAP","A","2018",3484.935,
"ITA","HEALTHEXP","TOT","USD_CAP","A","2019",3649.206,"P"
"JPN","HEALTHEXP","TOT","USD_CAP","A","2016",4297.128,
"JPN","HEALTHEXP","TOT","USD_CAP","A","2017",4392.905,
"JPN","HEALTHEXP","TOT","USD_CAP","A","2018",4504.425,"P"
"JPN","HEALTHEXP","TOT","USD_CAP","A","2019",4822.812,"E"
"KOR","HEALTHEXP","TOT","USD_CAP","A","2016",2660.792,
"KOR","HEALTHEXP","TOT","USD_CAP","A","2017",2809.25,
"KOR","HEALTHEXP","TOT","USD_CAP","A","2018",3085.18,
"KOR","HEALTHEXP","TOT","USD_CAP","A","2019",3384.158,"P"
"LUX","HEALTHEXP","TOT","USD_CAP","A","2016",4864.116,
"LUX","HEALTHEXP","TOT","USD_CAP","A","2017",5012.604,
"LUX","HEALTHEXP","TOT","USD_CAP","A","2018",5216.284,
"LUX","HEALTHEXP","TOT","USD_CAP","A","2019",5558.322,"E"
"MEX","HEALTHEXP","TOT","USD_CAP","A","2016",1084.536,"B"
"MEX","HEALTHEXP","TOT","USD_CAP","A","2017",1118.972,
"MEX","HEALTHEXP","TOT","USD_CAP","A","2018",1144.895,
"MEX","HEALTHEXP","TOT","USD_CAP","A","2019",1153.581,"E"
"NLD","HEALTHEXP","TOT","USD_CAP","A","2016",5075.476,
"NLD","HEALTHEXP","TOT","USD_CAP","A","2017",5263.825,
"NLD","HEALTHEXP","TOT","USD_CAP","A","2018",5436.287,
"NLD","HEALTHEXP","TOT","USD_CAP","A","2019",5765.098,"P"
"NZL","HEALTHEXP","TOT","USD_CAP","A","2016",3762.696,"P"
"NZL","HEALTHEXP","TOT","USD_CAP","A","2017",3820.417,"P"
"NZL","HEALTHEXP","TOT","USD_CAP","A","2018",4024.552,"P"
"NZL","HEALTHEXP","TOT","USD_CAP","A","2019",4203.989,"E"
"NOR","HEALTHEXP","TOT","USD_CAP","A","2016",5904.031,
"NOR","HEALTHEXP","TOT","USD_CAP","A","2017",6075.474,
"NOR","HEALTHEXP","TOT","USD_CAP","A","2018",6283.17,"P"
"NOR","HEALTHEXP","TOT","USD_CAP","A","2019",6646.713,"P"
"POL","HEALTHEXP","TOT","USD_CAP","A","2016",1959.032,
"POL","HEALTHEXP","TOT","USD_CAP","A","2017",2075.848,
"POL","HEALTHEXP","TOT","USD_CAP","A","2018",2113.702,
"POL","HEALTHEXP","TOT","USD_CAP","A","2019",2229.601,"P"
"PRT","HEALTHEXP","TOT","USD_CAP","A","2016",2822.462,"B"
"PRT","HEALTHEXP","TOT","USD_CAP","A","2017",2922.416,
"PRT","HEALTHEXP","TOT","USD_CAP","A","2018",3097.301,
"PRT","HEALTHEXP","TOT","USD_CAP","A","2019",3378.627,"P"
"SVK","HEALTHEXP","TOT","USD_CAP","A","2016",2039.544,
"SVK","HEALTHEXP","TOT","USD_CAP","A","2017",2048.386,
"SVK","HEALTHEXP","TOT","USD_CAP","A","2018",2142.079,
"SVK","HEALTHEXP","TOT","USD_CAP","A","2019",2353.645,"E"
"ESP","HEALTHEXP","TOT","USD_CAP","A","2016",3148.718,
"ESP","HEALTHEXP","TOT","USD_CAP","A","2017",3322.37,
"ESP","HEALTHEXP","TOT","USD_CAP","A","2018",3429.798,
"ESP","HEALTHEXP","TOT","USD_CAP","A","2019",3616.459,"E"
"SWE","HEALTHEXP","TOT","USD_CAP","A","2016",5121.772,
"SWE","HEALTHEXP","TOT","USD_CAP","A","2017",5318.124,
"SWE","HEALTHEXP","TOT","USD_CAP","A","2018",5433.728,
"SWE","HEALTHEXP","TOT","USD_CAP","A","2019",5782.292,"P"
"CHE","HEALTHEXP","TOT","USD_CAP","A","2016",6807.813,
"CHE","HEALTHEXP","TOT","USD_CAP","A","2017",7037.022,
"CHE","HEALTHEXP","TOT","USD_CAP","A","2018",7279.792,
"CHE","HEALTHEXP","TOT","USD_CAP","A","2019",7732.412,"E"
"TUR","HEALTHEXP","TOT","USD_CAP","A","2016",1128.718,
"TUR","HEALTHEXP","TOT","USD_CAP","A","2017",1187.518,
"TUR","HEALTHEXP","TOT","USD_CAP","A","2018",1223.568,
"TUR","HEALTHEXP","TOT","USD_CAP","A","2019",1337.174,"E"
"GBR","HEALTHEXP","TOT","USD_CAP","A","2016",3989.966,
"GBR","HEALTHEXP","TOT","USD_CAP","A","2017",4126.347,
"GBR","HEALTHEXP","TOT","USD_CAP","A","2018",4289.787,
"GBR","HEALTHEXP","TOT","USD_CAP","A","2019",4653.058,"E"
"USA","HEALTHEXP","TOT","USD_CAP","A","2016",9880.156,
"USA","HEALTHEXP","TOT","USD_CAP","A","2017",10212.748,
"USA","HEALTHEXP","TOT","USD_CAP","A","2018",10637.142,
"USA","HEALTHEXP","TOT","USD_CAP","A","2019",11071.715,"E"
"CHL","HEALTHEXP","TOT","USD_CAP","A","2016",1857.803,
"CHL","HEALTHEXP","TOT","USD_CAP","A","2017",2029.916,
"CHL","HEALTHEXP","TOT","USD_CAP","A","2018",2125.946,
"CHL","HEALTHEXP","TOT","USD_CAP","A","2019",2159.354,"P"
"EST","HEALTHEXP","TOT","USD_CAP","A","2016",2028.168,
"EST","HEALTHEXP","TOT","USD_CAP","A","2017",2216.541,
"EST","HEALTHEXP","TOT","USD_CAP","A","2018",2368.125,
"EST","HEALTHEXP","TOT","USD_CAP","A","2019",2578.793,"P"
"ISR","HEALTHEXP","TOT","USD_CAP","A","2016",2520.292,
"ISR","HEALTHEXP","TOT","USD_CAP","A","2017",2714.664,
"ISR","HEALTHEXP","TOT","USD_CAP","A","2018",2825.783,
"ISR","HEALTHEXP","TOT","USD_CAP","A","2019",2931.934,"E"
"SVN","HEALTHEXP","TOT","USD_CAP","A","2016",2738.131,
"SVN","HEALTHEXP","TOT","USD_CAP","A","2017",2853.329,
"SVN","HEALTHEXP","TOT","USD_CAP","A","2018",3042.262,
"SVN","HEALTHEXP","TOT","USD_CAP","A","2019",3224.02,"P"
"COL","HEALTHEXP","TOT","USD_CAP","A","2016",1117.387,
"COL","HEALTHEXP","TOT","USD_CAP","A","2017",1155.742,
"COL","HEALTHEXP","TOT","USD_CAP","A","2018",1201.086,
"COL","HEALTHEXP","TOT","USD_CAP","A","2019",1212.604,"E"
"LVA","HEALTHEXP","TOT","USD_CAP","A","2016",1613.746,
"LVA","HEALTHEXP","TOT","USD_CAP","A","2017",1679.834,
"LVA","HEALTHEXP","TOT","USD_CAP","A","2018",1856.485,
"LVA","HEALTHEXP","TOT","USD_CAP","A","2019",1972.572,"E"
"LTU","HEALTHEXP","TOT","USD_CAP","A","2016",2097.717,
"LTU","HEALTHEXP","TOT","USD_CAP","A","2017",2235.942,
"LTU","HEALTHEXP","TOT","USD_CAP","A","2018",2385.085,
"LTU","HEALTHEXP","TOT","USD_CAP","A","2019",2638.133,"P"
"RUS","HEALTHEXP","TOT","USD_CAP","A","2016",1404.901,
"RUS","HEALTHEXP","TOT","USD_CAP","A","2017",1528.777,
"RUS","HEALTHEXP","TOT","USD_CAP","A","2018",1707.434,
"ZAF","HEALTHEXP","TOT","USD_CAP","A","2016",1056.087,
"ZAF","HEALTHEXP","TOT","USD_CAP","A","2017",1072.354,
"OAVG","HEALTHEXP","TOT","USD_CAP","A","2016",3682.954,
"OAVG","HEALTHEXP","TOT","USD_CAP","A","2017",3829.89,
"OAVG","HEALTHEXP","TOT","USD_CAP","A","2018",3984.285,
"OAVG","HEALTHEXP","TOT","USD_CAP","A","2019",4223.54,"E"
"CRI","HEALTHEXP","TOT","USD_CAP","A","2016",1362.837,
"CRI","HEALTHEXP","TOT","USD_CAP","A","2017",1393.86,
"CRI","HEALTHEXP","TOT","USD_CAP","A","2018",1495.549,
"BGR","HEALTHEXP","TOT","USD_CAP","A","2016",1598.294,
"BGR","HEALTHEXP","TOT","USD_CAP","A","2017",1687.664,
"BGR","HEALTHEXP","TOT","USD_CAP","A","2018",1765.159,
"BGR","HEALTHEXP","TOT","USD_CAP","A","2019",1996.441,"E"
"HRV","HEALTHEXP","TOT","USD_CAP","A","2016",1675.313,
"HRV","HEALTHEXP","TOT","USD_CAP","A","2017",1766.985,
"HRV","HEALTHEXP","TOT","USD_CAP","A","2018",1875.422,
"HRV","HEALTHEXP","TOT","USD_CAP","A","2019",2007.899,"E"
"CYP","HEALTHEXP","TOT","USD_CAP","A","2016",2332.398,
"CYP","HEALTHEXP","TOT","USD_CAP","A","2017",2428.144,
"CYP","HEALTHEXP","TOT","USD_CAP","A","2018",2565.639,
"CYP","HEALTHEXP","TOT","USD_CAP","A","2019",2790.266,"E"
"MKD","HEALTHEXP","TOT","USD_CAP","A","2017",942.399,
"MLT","HEALTHEXP","TOT","USD_CAP","A","2016",3451.386,
"MLT","HEALTHEXP","TOT","USD_CAP","A","2017",3770.457,
"MLT","HEALTHEXP","TOT","USD_CAP","A","2018",3832.632,
"MLT","HEALTHEXP","TOT","USD_CAP","A","2019",4262.218,"E"
"ROU","HEALTHEXP","TOT","USD_CAP","A","2016",1250.917,
"ROU","HEALTHEXP","TOT","USD_CAP","A","2017",1436.126,
"ROU","HEALTHEXP","TOT","USD_CAP","A","2018",1686.092,
"ROU","HEALTHEXP","TOT","USD_CAP","A","2019",1906.81,"E"
"AUS","HEALTHEXP","COMPULSORY","USD_CAP","A","2016",3042.894,
"AUS","HEALTHEXP","COMPULSORY","USD_CAP","A","2017",3131.545,"D"
"AUS","HEALTHEXP","COMPULSORY","USD_CAP","A","2018",3311.331,"E"
"AUS","HEALTHEXP","COMPULSORY","USD_CAP","A","2019",3495.183,"E"
"AUS","HEALTHEXP","VOLUNTARY","USD_CAP","A","2016",1563.056,
"AUS","HEALTHEXP","VOLUNTARY","USD_CAP","A","2017",1579.072,"D"
"AUS","HEALTHEXP","VOLUNTARY","USD_CAP","A","2018",1653.202,"E"
"AUS","HEALTHEXP","VOLUNTARY","USD_CAP","A","2019",1692.236,"E"
"AUT","HEALTHEXP","COMPULSORY","USD_CAP","A","2016",3842.551,
"AUT","HEALTHEXP","COMPULSORY","USD_CAP","A","2017",3965.531,
"AUT","HEALTHEXP","COMPULSORY","USD_CAP","A","2018",4137.249,
"AUT","HEALTHEXP","COMPULSORY","USD_CAP","A","2019",4402.307,"P"
"AUT","HEALTHEXP","VOLUNTARY","USD_CAP","A","2016",1352.809,"D"
"AUT","HEALTHEXP","VOLUNTARY","USD_CAP","A","2017",1394.891,"D"
"AUT","HEALTHEXP","VOLUNTARY","USD_CAP","A","2018",1401.098,"D"
"AUT","HEALTHEXP","VOLUNTARY","USD_CAP","A","2019",1448.748,
"BEL","HEALTHEXP","COMPULSORY","USD_CAP","A","2016",3635.301,
"BEL","HEALTHEXP","COMPULSORY","USD_CAP","A","2017",3808.396,
"BEL","HEALTHEXP","COMPULSORY","USD_CAP","A","2018",3868.815,
"BEL","HEALTHEXP","COMPULSORY","USD_CAP","A","2019",4124.704,"E"
"BEL","HEALTHEXP","VOLUNTARY","USD_CAP","A","2016",1141.791,
"BEL","HEALTHEXP","VOLUNTARY","USD_CAP","A","2017",1205.591,
"BEL","HEALTHEXP","VOLUNTARY","USD_CAP","A","2018",1234.384,
"BEL","HEALTHEXP","VOLUNTARY","USD_CAP","A","2019",1303.253,"E"
"CAN","HEALTHEXP","COMPULSORY","USD_CAP","A","2016",3511.609,
"CAN","HEALTHEXP","COMPULSORY","USD_CAP","A","2017",3612.968,
"CAN","HEALTHEXP","COMPULSORY","USD_CAP","A","2018",3719.864,"P"
"CAN","HEALTHEXP","COMPULSORY","USD_CAP","A","2019",3815.091,"P"
"CAN","HEALTHEXP","VOLUNTARY","USD_CAP","A","2016",1508.989,
"CAN","HEALTHEXP","VOLUNTARY","USD_CAP","A","2017",1542.379,
"CAN","HEALTHEXP","VOLUNTARY","USD_CAP","A","2018",1567.542,"P"
"CAN","HEALTHEXP","VOLUNTARY","USD_CAP","A","2019",1603.292,"P"
"CZE","HEALTHEXP","COMPULSORY","USD_CAP","A","2016",2189.526,
"CZE","HEALTHEXP","COMPULSORY","USD_CAP","A","2017",2373.693,
"CZE","HEALTHEXP","COMPULSORY","USD_CAP","A","2018",2632.674,
"CZE","HEALTHEXP","COMPULSORY","USD_CAP","A","2019",2856.183,"E"
"CZE","HEALTHEXP","VOLUNTARY","USD_CAP","A","2016",481.357,
"CZE","HEALTHEXP","VOLUNTARY","USD_CAP","A","2017",517.742,
"CZE","HEALTHEXP","VOLUNTARY","USD_CAP","A","2018",537.994,
"CZE","HEALTHEXP","VOLUNTARY","USD_CAP","A","2019",571.727,"E"
"DNK","HEALTHEXP","COMPULSORY","USD_CAP","A","2016",4079.602,
"DNK","HEALTHEXP","COMPULSORY","USD_CAP","A","2017",4291.28,
"DNK","HEALTHEXP","COMPULSORY","USD_CAP","A","2018",4441.065,
"DNK","HEALTHEXP","COMPULSORY","USD_CAP","A","2019",4663.379,"E"
"DNK","HEALTHEXP","VOLUNTARY","USD_CAP","A","2016",770,
"DNK","HEALTHEXP","VOLUNTARY","USD_CAP","A","2017",815.926,
"DNK","HEALTHEXP","VOLUNTARY","USD_CAP","A","2018",853.445,
"DNK","HEALTHEXP","VOLUNTARY","USD_CAP","A","2019",904.52,"E"
"FIN","HEALTHEXP","COMPULSORY","USD_CAP","A","2016",3127.891,
"FIN","HEALTHEXP","COMPULSORY","USD_CAP","A","2017",3226.243,
"FIN","HEALTHEXP","COMPULSORY","USD_CAP","A","2018",3331.649,
"FIN","HEALTHEXP","COMPULSORY","USD_CAP","A","2019",3536.458,"E"
"FIN","HEALTHEXP","VOLUNTARY","USD_CAP","A","2016",975.532,
"FIN","HEALTHEXP","VOLUNTARY","USD_CAP","A","2017",995.597,
"FIN","HEALTHEXP","VOLUNTARY","USD_CAP","A","2018",999.81,
"FIN","HEALTHEXP","VOLUNTARY","USD_CAP","A","2019",1041.962,"E"
"FRA","HEALTHEXP","COMPULSORY","USD_CAP","A","2016",4099.156,
"FRA","HEALTHEXP","COMPULSORY","USD_CAP","A","2017",4210.762,
"FRA","HEALTHEXP","COMPULSORY","USD_CAP","A","2018",4310.546,
"FRA","HEALTHEXP","COMPULSORY","USD_CAP","A","2019",4501.36,"E"
"FRA","HEALTHEXP","VOLUNTARY","USD_CAP","A","2016",835.695,
"FRA","HEALTHEXP","VOLUNTARY","USD_CAP","A","2017",846.088,
"FRA","HEALTHEXP","VOLUNTARY","USD_CAP","A","2018",843.573,
"FRA","HEALTHEXP","VOLUNTARY","USD_CAP","A","2019",874.339,"E"
"DEU","HEALTHEXP","COMPULSORY","USD_CAP","A","2016",4778.465,
"DEU","HEALTHEXP","COMPULSORY","USD_CAP","A","2017",5080.225,
"DEU","HEALTHEXP","COMPULSORY","USD_CAP","A","2018",5262.825,
"DEU","HEALTHEXP","COMPULSORY","USD_CAP","A","2019",5648.148,"P"
"DEU","HEALTHEXP","VOLUNTARY","USD_CAP","A","2016",889.324,
"DEU","HEALTHEXP","VOLUNTARY","USD_CAP","A","2017",930.332,
"DEU","HEALTHEXP","VOLUNTARY","USD_CAP","A","2018",960.946,
"DEU","HEALTHEXP","VOLUNTARY","USD_CAP","A","2019",997.609,"P"
"GRC","HEALTHEXP","COMPULSORY","USD_CAP","A","2016",1348.827,
"GRC","HEALTHEXP","COMPULSORY","USD_CAP","A","2017",1353.358,
"GRC","HEALTHEXP","COMPULSORY","USD_CAP","A","2018",1331.187,
"GRC","HEALTHEXP","COMPULSORY","USD_CAP","A","2019",1411.934,"E"
"GRC","HEALTHEXP","VOLUNTARY","USD_CAP","A","2016",866.193,
"GRC","HEALTHEXP","VOLUNTARY","USD_CAP","A","2017",881.205,
"GRC","HEALTHEXP","VOLUNTARY","USD_CAP","A","2018",931.622,
"GRC","HEALTHEXP","VOLUNTARY","USD_CAP","A","2019",970.164,"E"
"HUN","HEALTHEXP","COMPULSORY","USD_CAP","A","2016",1361.749,
"HUN","HEALTHEXP","COMPULSORY","USD_CAP","A","2017",1403.09,
"HUN","HEALTHEXP","COMPULSORY","USD_CAP","A","2018",1493.013,
"HUN","HEALTHEXP","COMPULSORY","USD_CAP","A","2019",1542.262,"P"
"HUN","HEALTHEXP","VOLUNTARY","USD_CAP","A","2016",637.87,
"HUN","HEALTHEXP","VOLUNTARY","USD_CAP","A","2017",626.218,
"HUN","HEALTHEXP","VOLUNTARY","USD_CAP","A","2018",656.707,
"HUN","HEALTHEXP","VOLUNTARY","USD_CAP","A","2019",680.164,
"ISL","HEALTHEXP","COMPULSORY","USD_CAP","A","2016",3204.692,
"ISL","HEALTHEXP","COMPULSORY","USD_CAP","A","2017",3411.151,
"ISL","HEALTHEXP","COMPULSORY","USD_CAP","A","2018",3640.762,
"ISL","HEALTHEXP","COMPULSORY","USD_CAP","A","2019",3988.414,"P"
"ISL","HEALTHEXP","VOLUNTARY","USD_CAP","A","2016",726.959,
"ISL","HEALTHEXP","VOLUNTARY","USD_CAP","A","2017",755.666,
"ISL","HEALTHEXP","VOLUNTARY","USD_CAP","A","2018",779.151,
"ISL","HEALTHEXP","VOLUNTARY","USD_CAP","A","2019",823.01,"P"
"IRL","HEALTHEXP","COMPULSORY","USD_CAP","A","2016",3292.302,
"IRL","HEALTHEXP","COMPULSORY","USD_CAP","A","2017",3452.224,
"IRL","HEALTHEXP","COMPULSORY","USD_CAP","A","2018",3629.425,
"IRL","HEALTHEXP","COMPULSORY","USD_CAP","A","2019",3918.562,"P"
"IRL","HEALTHEXP","VOLUNTARY","USD_CAP","A","2016",1252.393,
"IRL","HEALTHEXP","VOLUNTARY","USD_CAP","A","2017",1290.755,
"IRL","HEALTHEXP","VOLUNTARY","USD_CAP","A","2018",1282.424,
"IRL","HEALTHEXP","VOLUNTARY","USD_CAP","A","2019",1356.981,"P"
"ITA","HEALTHEXP","COMPULSORY","USD_CAP","A","2016",2435.829,
"ITA","HEALTHEXP","COMPULSORY","USD_CAP","A","2017",2506.412,
"ITA","HEALTHEXP","COMPULSORY","USD_CAP","A","2018",2574.962,
"ITA","HEALTHEXP","COMPULSORY","USD_CAP","A","2019",2705.723,"P"
"ITA","HEALTHEXP","VOLUNTARY","USD_CAP","A","2016",838.089,
"ITA","HEALTHEXP","VOLUNTARY","USD_CAP","A","2017",892.787,
"ITA","HEALTHEXP","VOLUNTARY","USD_CAP","A","2018",909.974,
"ITA","HEALTHEXP","VOLUNTARY","USD_CAP","A","2019",943.483,"P"
"JPN","HEALTHEXP","COMPULSORY","USD_CAP","A","2016",3611.186,
"JPN","HEALTHEXP","COMPULSORY","USD_CAP","A","2017",3699.471,
"JPN","HEALTHEXP","COMPULSORY","USD_CAP","A","2018",3787.735,"P"
"JPN","HEALTHEXP","COMPULSORY","USD_CAP","A","2019",4063.978,"E"
"JPN","HEALTHEXP","VOLUNTARY","USD_CAP","A","2016",685.942,
"JPN","HEALTHEXP","VOLUNTARY","USD_CAP","A","2017",693.434,
"JPN","HEALTHEXP","VOLUNTARY","USD_CAP","A","2018",716.69,"P"
"JPN","HEALTHEXP","VOLUNTARY","USD_CAP","A","2019",758.834,"E"
"KOR","HEALTHEXP","COMPULSORY","USD_CAP","A","2016",1571.179,
"KOR","HEALTHEXP","COMPULSORY","USD_CAP","A","2017",1669.215,
"KOR","HEALTHEXP","COMPULSORY","USD_CAP","A","2018",1848.756,
"KOR","HEALTHEXP","COMPULSORY","USD_CAP","A","2019",2057.395,"P"
"KOR","HEALTHEXP","VOLUNTARY","USD_CAP","A","2016",1089.613,
"KOR","HEALTHEXP","VOLUNTARY","USD_CAP","A","2017",1140.034,
"KOR","HEALTHEXP","VOLUNTARY","USD_CAP","A","2018",1236.424,
"KOR","HEALTHEXP","VOLUNTARY","USD_CAP","A","2019",1326.764,"P"
"LUX","HEALTHEXP","COMPULSORY","USD_CAP","A","2016",4066.778,
"LUX","HEALTHEXP","COMPULSORY","USD_CAP","A","2017",4208.202,
"LUX","HEALTHEXP","COMPULSORY","USD_CAP","A","2018",4385.658,
"LUX","HEALTHEXP","COMPULSORY","USD_CAP","A","2019",4697.036,"E"
"LUX","HEALTHEXP","VOLUNTARY","USD_CAP","A","2016",733.132,
"LUX","HEALTHEXP","VOLUNTARY","USD_CAP","A","2017",735.219,
"LUX","HEALTHEXP","VOLUNTARY","USD_CAP","A","2018",756.956,
"LUX","HEALTHEXP","VOLUNTARY","USD_CAP","A","2019",782.746,"E"
"MEX","HEALTHEXP","COMPULSORY","USD_CAP","A","2016",567.537,"B"
"MEX","HEALTHEXP","COMPULSORY","USD_CAP","A","2017",576.41,
"MEX","HEALTHEXP","COMPULSORY","USD_CAP","A","2018",582.052,
"MEX","HEALTHEXP","COMPULSORY","USD_CAP","A","2019",582.972,"E"
"MEX","HEALTHEXP","VOLUNTARY","USD_CAP","A","2016",516.999,"B"
"MEX","HEALTHEXP","VOLUNTARY","USD_CAP","A","2017",542.562,
"MEX","HEALTHEXP","VOLUNTARY","USD_CAP","A","2018",562.843,
"MEX","HEALTHEXP","VOLUNTARY","USD_CAP","A","2019",570.609,"E"
"NLD","HEALTHEXP","COMPULSORY","USD_CAP","A","2016",4118.23,
"NLD","HEALTHEXP","COMPULSORY","USD_CAP","A","2017",4297.982,
"NLD","HEALTHEXP","COMPULSORY","USD_CAP","A","2018",4461.302,
"NLD","HEALTHEXP","COMPULSORY","USD_CAP","A","2019",4766.586,"P"
"NLD","HEALTHEXP","VOLUNTARY","USD_CAP","A","2016",957.247,
"NLD","HEALTHEXP","VOLUNTARY","USD_CAP","A","2017",965.772,
"NLD","HEALTHEXP","VOLUNTARY","USD_CAP","A","2018",974.986,
"NLD","HEALTHEXP","VOLUNTARY","USD_CAP","A","2019",998.512,"P"
"NZL","HEALTHEXP","COMPULSORY","USD_CAP","A","2016",2959.509,"P"
"NZL","HEALTHEXP","COMPULSORY","USD_CAP","A","2017",3002.36,"P"
"NZL","HEALTHEXP","COMPULSORY","USD_CAP","A","2018",3188.392,"P"
"NZL","HEALTHEXP","COMPULSORY","USD_CAP","A","2019",3343.362,"E"
"NZL","HEALTHEXP","VOLUNTARY","USD_CAP","A","2016",803.187,"P"
"NZL","HEALTHEXP","VOLUNTARY","USD_CAP","A","2017",818.057,"P"
"NZL","HEALTHEXP","VOLUNTARY","USD_CAP","A","2018",836.159,"P"
"NZL","HEALTHEXP","VOLUNTARY","USD_CAP","A","2019",860.626,"E"
"NOR","HEALTHEXP","COMPULSORY","USD_CAP","A","2016",5040.83,
"NOR","HEALTHEXP","COMPULSORY","USD_CAP","A","2017",5171.484,
"NOR","HEALTHEXP","COMPULSORY","USD_CAP","A","2018",5360.997,"P"
"NOR","HEALTHEXP","COMPULSORY","USD_CAP","A","2019",5673.104,"P"
"NOR","HEALTHEXP","VOLUNTARY","USD_CAP","A","2016",863.202,
"NOR","HEALTHEXP","VOLUNTARY","USD_CAP","A","2018",922.174,"P"
"NOR","HEALTHEXP","VOLUNTARY","USD_CAP","A","2019",973.609,"P"
"POL","HEALTHEXP","COMPULSORY","USD_CAP","A","2016",1358.02,
"POL","HEALTHEXP","COMPULSORY","USD_CAP","A","2017",1438.311,
"POL","HEALTHEXP","COMPULSORY","USD_CAP","A","2018",1511.176,
"POL","HEALTHEXP","COMPULSORY","USD_CAP","A","2019",1568.072,"P"
"POL","HEALTHEXP","VOLUNTARY","USD_CAP","A","2016",601.012,
"POL","HEALTHEXP","VOLUNTARY","USD_CAP","A","2017",637.537,
"POL","HEALTHEXP","VOLUNTARY","USD_CAP","A","2018",602.526,
"POL","HEALTHEXP","VOLUNTARY","USD_CAP","A","2019",661.529,"P"
"PRT","HEALTHEXP","COMPULSORY","USD_CAP","A","2016",1735.388,"B"
"PRT","HEALTHEXP","COMPULSORY","USD_CAP","A","2017",1785.78,
"PRT","HEALTHEXP","COMPULSORY","USD_CAP","A","2018",1906.226,
"PRT","HEALTHEXP","COMPULSORY","USD_CAP","A","2019",2069.013,"P"
"PRT","HEALTHEXP","VOLUNTARY","USD_CAP","A","2016",1087.074,"B"
"PRT","HEALTHEXP","VOLUNTARY","USD_CAP","A","2017",1136.636,
"PRT","HEALTHEXP","VOLUNTARY","USD_CAP","A","2018",1191.075,
"PRT","HEALTHEXP","VOLUNTARY","USD_CAP","A","2019",1309.615,"P"
"SVK","HEALTHEXP","COMPULSORY","USD_CAP","A","2016",1638.985,
"SVK","HEALTHEXP","COMPULSORY","USD_CAP","A","2017",1637.456,
"SVK","HEALTHEXP","COMPULSORY","USD_CAP","A","2018",1716.53,
"SVK","HEALTHEXP","COMPULSORY","USD_CAP","A","2019",1911.872,"E"
"SVK","HEALTHEXP","VOLUNTARY","USD_CAP","A","2016",400.559,
"SVK","HEALTHEXP","VOLUNTARY","USD_CAP","A","2017",410.931,
"SVK","HEALTHEXP","VOLUNTARY","USD_CAP","A","2018",425.549,
"SVK","HEALTHEXP","VOLUNTARY","USD_CAP","A","2019",441.772,"E"
"ESP","HEALTHEXP","COMPULSORY","USD_CAP","A","2016",2253.044,
"ESP","HEALTHEXP","COMPULSORY","USD_CAP","A","2017",2347.344,
"ESP","HEALTHEXP","COMPULSORY","USD_CAP","A","2018",2414.69,
"ESP","HEALTHEXP","COMPULSORY","USD_CAP","A","2019",2559.598,"E"
"ESP","HEALTHEXP","VOLUNTARY","USD_CAP","A","2016",895.674,
"ESP","HEALTHEXP","VOLUNTARY","USD_CAP","A","2017",975.025,
"ESP","HEALTHEXP","VOLUNTARY","USD_CAP","A","2018",1015.108,
"ESP","HEALTHEXP","VOLUNTARY","USD_CAP","A","2019",1056.861,"E"
"SWE","HEALTHEXP","COMPULSORY","USD_CAP","A","2016",4323.73,
"SWE","HEALTHEXP","COMPULSORY","USD_CAP","A","2017",4507.569,
"SWE","HEALTHEXP","COMPULSORY","USD_CAP","A","2018",4623.676,
"SWE","HEALTHEXP","COMPULSORY","USD_CAP","A","2019",4928.009,"P"
"SWE","HEALTHEXP","VOLUNTARY","USD_CAP","A","2016",798.042,
"SWE","HEALTHEXP","VOLUNTARY","USD_CAP","A","2017",810.556,
"SWE","HEALTHEXP","VOLUNTARY","USD_CAP","A","2018",810.052,
"SWE","HEALTHEXP","VOLUNTARY","USD_CAP","A","2019",854.283,"P"
"CHE","HEALTHEXP","COMPULSORY","USD_CAP","A","2016",4456.797,
"CHE","HEALTHEXP","COMPULSORY","USD_CAP","A","2017",4635.287,
"CHE","HEALTHEXP","COMPULSORY","USD_CAP","A","2018",4687.263,
"CHE","HEALTHEXP","COMPULSORY","USD_CAP","A","2019",4987.614,"E"
"CHE","HEALTHEXP","VOLUNTARY","USD_CAP","A","2016",2351.016,
"CHE","HEALTHEXP","VOLUNTARY","USD_CAP","A","2017",2401.735,
"CHE","HEALTHEXP","VOLUNTARY","USD_CAP","A","2018",2592.53,
"CHE","HEALTHEXP","VOLUNTARY","USD_CAP","A","2019",2744.798,"E"
"TUR","HEALTHEXP","COMPULSORY","USD_CAP","A","2016",885.391,
"TUR","HEALTHEXP","COMPULSORY","USD_CAP","A","2017",922.828,
"TUR","HEALTHEXP","COMPULSORY","USD_CAP","A","2018",946.825,
"TUR","HEALTHEXP","COMPULSORY","USD_CAP","A","2019",1040.712,"E"
"TUR","HEALTHEXP","VOLUNTARY","USD_CAP","A","2016",243.327,
"TUR","HEALTHEXP","VOLUNTARY","USD_CAP","A","2017",264.69,
"TUR","HEALTHEXP","VOLUNTARY","USD_CAP","A","2018",276.743,
"TUR","HEALTHEXP","VOLUNTARY","USD_CAP","A","2019",296.462,"E"
"GBR","HEALTHEXP","COMPULSORY","USD_CAP","A","2016",3178.283,
"GBR","HEALTHEXP","COMPULSORY","USD_CAP","A","2017",3247.179,
"GBR","HEALTHEXP","COMPULSORY","USD_CAP","A","2018",3336.548,
"GBR","HEALTHEXP","COMPULSORY","USD_CAP","A","2019",3619.508,"E"
"GBR","HEALTHEXP","VOLUNTARY","USD_CAP","A","2016",811.683,
"GBR","HEALTHEXP","VOLUNTARY","USD_CAP","A","2017",879.168,
"GBR","HEALTHEXP","VOLUNTARY","USD_CAP","A","2018",953.239,
"GBR","HEALTHEXP","VOLUNTARY","USD_CAP","A","2019",1033.549,"E"
"USA","HEALTHEXP","COMPULSORY","USD_CAP","A","2016",8339.574,
"USA","HEALTHEXP","COMPULSORY","USD_CAP","A","2017",8620.039,
"USA","HEALTHEXP","COMPULSORY","USD_CAP","A","2018",9008.766,
"USA","HEALTHEXP","COMPULSORY","USD_CAP","A","2019",9386.459,"E"
"USA","HEALTHEXP","VOLUNTARY","USD_CAP","A","2016",1540.582,
"USA","HEALTHEXP","VOLUNTARY","USD_CAP","A","2017",1592.709,
"USA","HEALTHEXP","VOLUNTARY","USD_CAP","A","2018",1628.376,
"USA","HEALTHEXP","VOLUNTARY","USD_CAP","A","2019",1685.255,"E"
"CHL","HEALTHEXP","COMPULSORY","USD_CAP","A","2016",1086.667,
"CHL","HEALTHEXP","COMPULSORY","USD_CAP","A","2017",1220.905,
"CHL","HEALTHEXP","COMPULSORY","USD_CAP","A","2018",1282.585,
"CHL","HEALTHEXP","COMPULSORY","USD_CAP","A","2019",1280.613,"P"
"CHL","HEALTHEXP","VOLUNTARY","USD_CAP","A","2016",771.136,
"CHL","HEALTHEXP","VOLUNTARY","USD_CAP","A","2017",809.011,
"CHL","HEALTHEXP","VOLUNTARY","USD_CAP","A","2018",843.361,
"CHL","HEALTHEXP","VOLUNTARY","USD_CAP","A","2019",878.741,"P"
"COL","HEALTHEXP","COMPULSORY","USD_CAP","A","2016",850.265,
"COL","HEALTHEXP","COMPULSORY","USD_CAP","A","2017",885.398,
"COL","HEALTHEXP","COMPULSORY","USD_CAP","A","2018",928.007,
"COL","HEALTHEXP","COMPULSORY","USD_CAP","A","2019",896.039,"E"
"COL","HEALTHEXP","VOLUNTARY","USD_CAP","A","2016",267.122,
"COL","HEALTHEXP","VOLUNTARY","USD_CAP","A","2017",270.345,
"COL","HEALTHEXP","VOLUNTARY","USD_CAP","A","2018",273.079,
"COL","HEALTHEXP","VOLUNTARY","USD_CAP","A","2019",316.565,"E"
"CRI","HEALTHEXP","COMPULSORY","USD_CAP","A","2016",1023.51,
"CRI","HEALTHEXP","COMPULSORY","USD_CAP","A","2017",1044.933,
"CRI","HEALTHEXP","COMPULSORY","USD_CAP","A","2018",1104.071,
"CRI","HEALTHEXP","VOLUNTARY","USD_CAP","A","2016",339.327,
"CRI","HEALTHEXP","VOLUNTARY","USD_CAP","A","2017",348.926,
"CRI","HEALTHEXP","VOLUNTARY","USD_CAP","A","2018",391.479,
"EST","HEALTHEXP","COMPULSORY","USD_CAP","A","2016",1534.438,
"EST","HEALTHEXP","COMPULSORY","USD_CAP","A","2017",1631.146,
"EST","HEALTHEXP","COMPULSORY","USD_CAP","A","2018",1744.572,
"EST","HEALTHEXP","COMPULSORY","USD_CAP","A","2019",1916.407,"P"
"EST","HEALTHEXP","VOLUNTARY","USD_CAP","A","2016",493.692,
"EST","HEALTHEXP","VOLUNTARY","USD_CAP","A","2017",585.395,
"EST","HEALTHEXP","VOLUNTARY","USD_CAP","A","2018",623.554,
"EST","HEALTHEXP","VOLUNTARY","USD_CAP","A","2019",662.386,
"ISR","HEALTHEXP","COMPULSORY","USD_CAP","A","2016",1599.403,
"ISR","HEALTHEXP","COMPULSORY","USD_CAP","A","2017",1733.265,
"ISR","HEALTHEXP","COMPULSORY","USD_CAP","A","2018",1828.398,
"ISR","HEALTHEXP","COMPULSORY","USD_CAP","A","2019",1889.247,"E"
"ISR","HEALTHEXP","VOLUNTARY","USD_CAP","A","2016",887.09,
"ISR","HEALTHEXP","VOLUNTARY","USD_CAP","A","2017",935.412,
"ISR","HEALTHEXP","VOLUNTARY","USD_CAP","A","2018",948.199,
"ISR","HEALTHEXP","VOLUNTARY","USD_CAP","A","2019",990.526,"E"
"LVA","HEALTHEXP","COMPULSORY","USD_CAP","A","2016",901.546,
"LVA","HEALTHEXP","COMPULSORY","USD_CAP","A","2017",963.038,
"LVA","HEALTHEXP","COMPULSORY","USD_CAP","A","2018",1111.674,
"LVA","HEALTHEXP","COMPULSORY","USD_CAP","A","2019",1179.533,"E"
"LVA","HEALTHEXP","VOLUNTARY","USD_CAP","A","2016",712.2,
"LVA","HEALTHEXP","VOLUNTARY","USD_CAP","A","2017",716.796,
"LVA","HEALTHEXP","VOLUNTARY","USD_CAP","A","2018",744.811,
"LVA","HEALTHEXP","VOLUNTARY","USD_CAP","A","2019",793.039,"E"
"LTU","HEALTHEXP","COMPULSORY","USD_CAP","A","2016",1396.994,
"LTU","HEALTHEXP","COMPULSORY","USD_CAP","A","2017",1478.776,
"LTU","HEALTHEXP","COMPULSORY","USD_CAP","A","2018",1599.152,
"LTU","HEALTHEXP","COMPULSORY","USD_CAP","A","2019",1768.816,"P"
"LTU","HEALTHEXP","VOLUNTARY","USD_CAP","A","2016",700.378,
"LTU","HEALTHEXP","VOLUNTARY","USD_CAP","A","2017",756.652,
"LTU","HEALTHEXP","VOLUNTARY","USD_CAP","A","2018",785.377,
"LTU","HEALTHEXP","VOLUNTARY","USD_CAP","A","2019",868.702,"P"
"RUS","HEALTHEXP","COMPULSORY","USD_CAP","A","2016",800.092,
"RUS","HEALTHEXP","COMPULSORY","USD_CAP","A","2017",872.76,
"RUS","HEALTHEXP","COMPULSORY","USD_CAP","A","2018",1015.182,
"RUS","HEALTHEXP","VOLUNTARY","USD_CAP","A","2016",604.809,
"RUS","HEALTHEXP","VOLUNTARY","USD_CAP","A","2017",656.017,
"RUS","HEALTHEXP","VOLUNTARY","USD_CAP","A","2018",692.252,
"SVN","HEALTHEXP","COMPULSORY","USD_CAP","A","2016",1991.395,
"SVN","HEALTHEXP","COMPULSORY","USD_CAP","A","2017",2060.011,
"SVN","HEALTHEXP","COMPULSORY","USD_CAP","A","2018",2215.448,
"SVN","HEALTHEXP","COMPULSORY","USD_CAP","A","2019",2314.142,"P"
"SVN","HEALTHEXP","VOLUNTARY","USD_CAP","A","2016",746.736,
"SVN","HEALTHEXP","VOLUNTARY","USD_CAP","A","2017",793.318,
"SVN","HEALTHEXP","VOLUNTARY","USD_CAP","A","2018",826.814,
"SVN","HEALTHEXP","VOLUNTARY","USD_CAP","A","2019",909.877,"P"
"ZAF","HEALTHEXP","COMPULSORY","USD_CAP","A","2016",453.23,
"ZAF","HEALTHEXP","COMPULSORY","USD_CAP","A","2017",458.801,
"ZAF","HEALTHEXP","VOLUNTARY","USD_CAP","A","2016",602.857,
"ZAF","HEALTHEXP","VOLUNTARY","USD_CAP","A","2017",613.553,
"BGR","HEALTHEXP","COMPULSORY","USD_CAP","A","2016",884.759,
"BGR","HEALTHEXP","COMPULSORY","USD_CAP","A","2017",943.999,
"BGR","HEALTHEXP","COMPULSORY","USD_CAP","A","2018",1042.85,
"BGR","HEALTHEXP","COMPULSORY","USD_CAP","A","2019",1211.554,"E"
"BGR","HEALTHEXP","VOLUNTARY","USD_CAP","A","2016",713.535,
"BGR","HEALTHEXP","VOLUNTARY","USD_CAP","A","2017",743.665,
"BGR","HEALTHEXP","VOLUNTARY","USD_CAP","A","2018",722.309,
"BGR","HEALTHEXP","VOLUNTARY","USD_CAP","A","2019",784.887,"E"
"HRV","HEALTHEXP","COMPULSORY","USD_CAP","A","2016",1382.481,
"HRV","HEALTHEXP","COMPULSORY","USD_CAP","A","2017",1458.541,
"HRV","HEALTHEXP","COMPULSORY","USD_CAP","A","2018",1553.672,
"HRV","HEALTHEXP","COMPULSORY","USD_CAP","A","2019",1666.643,"E"
"HRV","HEALTHEXP","VOLUNTARY","USD_CAP","A","2016",292.832,
"HRV","HEALTHEXP","VOLUNTARY","USD_CAP","A","2017",308.443,
"HRV","HEALTHEXP","VOLUNTARY","USD_CAP","A","2018",321.751,
"HRV","HEALTHEXP","VOLUNTARY","USD_CAP","A","2019",341.257,"E"
"CYP","HEALTHEXP","COMPULSORY","USD_CAP","A","2016",958.284,
"CYP","HEALTHEXP","COMPULSORY","USD_CAP","A","2017",1004.07,
"CYP","HEALTHEXP","COMPULSORY","USD_CAP","A","2018",1103.031,
"CYP","HEALTHEXP","COMPULSORY","USD_CAP","A","2019",1268.829,"E"
"CYP","HEALTHEXP","VOLUNTARY","USD_CAP","A","2016",1374.113,
"CYP","HEALTHEXP","VOLUNTARY","USD_CAP","A","2017",1424.073,
"CYP","HEALTHEXP","VOLUNTARY","USD_CAP","A","2018",1462.608,
"CYP","HEALTHEXP","VOLUNTARY","USD_CAP","A","2019",1521.436,"E"
"MLT","HEALTHEXP","COMPULSORY","USD_CAP","A","2016",2175.348,
"MLT","HEALTHEXP","COMPULSORY","USD_CAP","A","2017",2385.597,
"MLT","HEALTHEXP","COMPULSORY","USD_CAP","A","2018",2432.871,
"MLT","HEALTHEXP","COMPULSORY","USD_CAP","A","2019",2770.717,"E"
"MLT","HEALTHEXP","VOLUNTARY","USD_CAP","A","2016",1276.038,
"MLT","HEALTHEXP","VOLUNTARY","USD_CAP","A","2017",1384.86,
"MLT","HEALTHEXP","VOLUNTARY","USD_CAP","A","2018",1399.136,
"MLT","HEALTHEXP","VOLUNTARY","USD_CAP","A","2019",1491.502,"E"
"ROU","HEALTHEXP","COMPULSORY","USD_CAP","A","2016",979.818,
"ROU","HEALTHEXP","COMPULSORY","USD_CAP","A","2017",1129.543,
"ROU","HEALTHEXP","COMPULSORY","USD_CAP","A","2018",1344.342,
"ROU","HEALTHEXP","COMPULSORY","USD_CAP","A","2019",1530.065,"E"
"ROU","HEALTHEXP","VOLUNTARY","USD_CAP","A","2016",271.098,
"ROU","HEALTHEXP","VOLUNTARY","USD_CAP","A","2017",306.584,
"ROU","HEALTHEXP","VOLUNTARY","USD_CAP","A","2018",341.75,
"ROU","HEALTHEXP","VOLUNTARY","USD_CAP","A","2019",376.745,"E"
"MKD","HEALTHEXP","COMPULSORY","USD_CAP","A","2017",639.78,
"MKD","HEALTHEXP","VOLUNTARY","USD_CAP","A","2017",302.62,
